amount,oldbalanceOrg,newbalanceOrig,oldbalanceDest,newbalanceDest,zeroOriginBalance,type,Real_Fraud,Predicted_Fraud,Fraud_Probability
45892.4,0.0,0.0,378969.14,608714.72,False,CASH_OUT,0,0,0.0
80937.64,0.0,0.0,2102849.68,2183787.32,False,CASH_OUT,0,0,0.0
231679.79,52405.0,0.0,3888158.43,4119838.22,True,CASH_OUT,0,0,0.0
274208.45,0.0,0.0,287095.89,561304.34,False,CASH_OUT,0,0,0.0
66645.16,151.0,0.0,2788199.44,2854844.6,True,CASH_OUT,0,0,0.0
302157.83,3640.0,0.0,1283789.45,1585947.28,True,CASH_OUT,0,0,0.0
78154.07,12277.0,0.0,62079.85,140233.93,True,CASH_OUT,0,0,0.0
32766.07,14211.0,0.0,1934769.76,1967535.83,True,CASH_OUT,0,0,0.04
167861.7,0.0,0.0,42264595.33,42432457.02,False,CASH_OUT,0,0,0.0
21488.66,0.0,0.0,961677.76,983166.42,False,CASH_OUT,0,0,0.0
69032.99,0.0,0.0,942757.79,1011790.78,False,CASH_OUT,0,0,0.0
100840.48,0.0,0.0,863424.54,964265.02,False,CASH_OUT,0,0,0.0
279516.39,0.0,0.0,638282.76,917799.16,False,CASH_OUT,0,0,0.0
139702.61,100943.0,0.0,157628.44,297331.04,True,CASH_OUT,0,0,0.0
166613.25,517833.0,351219.75,36740.8,203354.05,False,CASH_OUT,0,0,0.0
205411.58,131519.17,0.0,3111430.97,3316842.55,True,CASH_OUT,0,0,0.0
71369.83,0.0,0.0,1462846.09,1534215.93,False,CASH_OUT,0,0,0.0
54366.25,0.0,0.0,201950.08,256316.33,False,CASH_OUT,0,0,0.0
68291.66,0.0,0.0,1238644.96,1306936.62,False,CASH_OUT,0,0,0.0
371905.28,32239.0,0.0,0.0,371905.28,True,CASH_OUT,0,0,0.0
244265.5,14109.0,0.0,1719850.16,1964115.66,True,CASH_OUT,0,0,0.0
491052.78,20746.29,0.0,633411.69,1124464.47,True,TRANSFER,0,0,0.0
168823.83,0.0,0.0,1642589.86,1811413.7,False,CASH_OUT,0,0,0.0
10119.82,0.0,0.0,685134.57,695254.39,False,CASH_OUT,0,0,0.0
194396.2,22096.0,0.0,566201.81,760598.01,True,CASH_OUT,0,0,0.0
157824.78,0.0,0.0,2661402.45,2819227.23,False,CASH_OUT,0,0,0.0
215990.86,1092.0,0.0,0.0,215990.86,True,CASH_OUT,0,0,0.0
193056.08,16255.0,0.0,0.0,193056.08,True,CASH_OUT,0,0,0.0
41292.18,65793.58,24501.41,9058463.36,9099755.53,False,CASH_OUT,0,0,0.01
144278.58,2039.0,0.0,20388.66,173751.35,True,CASH_OUT,0,0,0.0
222857.64,50474.0,0.0,140554.47,363412.11,True,CASH_OUT,0,0,0.0
2277119.81,0.0,0.0,4671167.64,6948287.46,False,TRANSFER,0,0,0.0
271756.09,9419.0,0.0,2742832.76,3014588.86,True,CASH_OUT,0,0,0.0
330915.98,0.0,0.0,1721647.56,2052563.54,False,CASH_OUT,0,0,0.0
240762.79,41190.0,0.0,0.0,240762.79,True,CASH_OUT,0,0,0.0
217090.79,382969.78,165878.99,72123.0,289213.79,False,TRANSFER,0,0,0.0
159963.97,0.0,0.0,1134001.54,1622289.73,False,CASH_OUT,0,0,0.0
453700.08,0.0,0.0,13281933.01,14139761.48,False,CASH_OUT,0,0,0.0
1331086.47,15432.0,0.0,59949.22,1313362.94,True,TRANSFER,0,0,0.0
20418.93,356.0,0.0,724296.03,744714.96,True,CASH_OUT,0,0,0.0
268410.74,943047.0,674636.26,307604.41,576015.15,False,CASH_OUT,0,0,0.0
147041.11,0.0,0.0,4911978.64,5059019.76,False,CASH_OUT,0,0,0.0
128763.16,300123.0,171359.84,766073.91,894837.07,False,CASH_OUT,0,0,0.0
164119.9,18917.51,0.0,234013.42,398133.32,True,CASH_OUT,0,0,0.0
179681.19,26113.38,0.0,7093621.56,7273302.76,True,CASH_OUT,0,0,0.0
70446.43,15995.0,0.0,337816.0,408262.43,True,CASH_OUT,0,0,0.0
82907.0,0.0,0.0,1336398.89,1419305.89,False,CASH_OUT,0,0,0.0
64772.39,10531.0,0.0,1460779.51,1525551.9,True,CASH_OUT,0,0,0.0
858069.66,0.0,0.0,931555.93,1789625.6,False,TRANSFER,0,0,0.0
79493.03,0.0,0.0,113845.08,193338.11,False,CASH_OUT,0,0,0.0
111900.86,38599.0,0.0,0.0,111900.86,True,CASH_OUT,0,0,0.0
189433.76,479.0,0.0,966808.87,1156242.63,True,CASH_OUT,0,0,0.0
49154.44,14841.0,0.0,7394345.92,7443500.36,True,CASH_OUT,0,0,0.0
186686.13,668483.0,481796.87,12137.88,198824.01,False,CASH_OUT,0,0,0.0
182610.14,0.0,0.0,927586.1,1110196.25,False,CASH_OUT,0,0,0.0
901001.1,120477.81,0.0,911243.34,1812244.44,True,TRANSFER,0,0,0.0
165321.39,0.0,0.0,1860794.24,2026115.63,False,CASH_OUT,0,0,0.0
229333.36,104778.0,0.0,0.0,229333.36,True,CASH_OUT,0,0,0.0
9784.48,179.0,0.0,0.0,9784.48,True,TRANSFER,0,0,0.0
126401.69,56704.0,0.0,0.0,126401.69,True,CASH_OUT,0,0,0.02
109791.41,20698.0,0.0,0.0,109791.41,True,CASH_OUT,0,0,0.0
119362.97,72451.0,0.0,436522.43,555885.39,True,CASH_OUT,0,0,0.0
324049.09,258403.0,0.0,334966.91,947219.25,True,CASH_OUT,0,0,0.03
138997.07,0.0,0.0,2497782.91,2636779.98,False,CASH_OUT,0,0,0.0
51170.54,0.0,0.0,80251.14,131421.68,False,CASH_OUT,0,0,0.0
71325.36,0.0,0.0,2489203.81,2560529.18,False,CASH_OUT,0,0,0.0
9995.57,0.0,0.0,283223.27,293218.83,False,CASH_OUT,0,0,0.0
448508.16,0.0,0.0,1066385.06,1514893.23,False,TRANSFER,0,0,0.0
439166.28,0.0,0.0,1093541.71,1532707.98,False,CASH_OUT,0,0,0.0
1627300.28,429.0,0.0,1406206.54,3033506.82,True,TRANSFER,0,0,0.0
22779.9,0.0,0.0,230926.75,253706.65,False,CASH_OUT,0,0,0.0
13971.46,19582.0,5610.54,4124588.41,4138559.86,False,CASH_OUT,0,0,0.0
132021.95,4243.0,0.0,5070426.26,5374680.21,True,CASH_OUT,0,0,0.0
58590.78,0.0,0.0,8145362.51,8203953.3,False,CASH_OUT,0,0,0.0
242855.07,0.0,0.0,351745.95,594601.02,False,CASH_OUT,0,0,0.0
110434.69,0.0,0.0,5774109.49,5884544.18,False,CASH_OUT,0,0,0.0
150193.08,20965.0,0.0,407032.6,557225.69,True,CASH_OUT,0,0,0.0
272621.97,48631.0,0.0,22594.79,295216.76,True,CASH_OUT,0,0,0.0
269080.69,3140.88,0.0,17421810.72,17690891.41,True,CASH_OUT,0,0,0.0
149376.8,264064.0,114687.2,130027.5,279404.3,False,CASH_OUT,0,0,0.0
242746.5,50375.0,0.0,24080.97,266827.47,True,TRANSFER,0,0,0.0
274220.53,246.0,0.0,0.0,274220.53,True,CASH_OUT,0,0,0.0
239020.37,246.0,0.0,27145465.25,27384485.62,True,CASH_OUT,0,0,0.0
153240.42,0.0,0.0,275463.31,428703.73,False,TRANSFER,0,0,0.0
114092.44,21144.0,0.0,0.0,114092.44,True,CASH_OUT,0,0,0.0
29065.38,0.0,0.0,397659.22,426724.6,False,CASH_OUT,0,0,0.0
2750.12,0.0,0.0,215601.69,218351.81,False,CASH_OUT,0,0,0.0
9565220.77,0.0,0.0,9904646.87,19469867.64,False,TRANSFER,0,0,0.0
81067.66,50218.0,0.0,3860282.53,3941350.18,True,CASH_OUT,0,0,0.0
875213.55,0.0,0.0,4309830.28,5185043.84,False,TRANSFER,0,0,0.0
597186.51,0.0,0.0,3714635.23,4311821.75,False,TRANSFER,0,0,0.0
580555.05,0.0,0.0,670555.32,1251110.37,False,TRANSFER,0,0,0.0
130139.38,864890.0,734750.62,1088363.93,1218503.31,False,CASH_OUT,0,0,0.0
73932.2,0.0,0.0,274526.87,348459.08,False,CASH_OUT,0,0,0.0
202657.3,0.0,0.0,212612.33,415269.63,False,CASH_OUT,0,0,0.0
151506.34,370.0,0.0,281529.2,433035.54,True,CASH_OUT,0,0,0.0
519429.89,21330.0,0.0,0.0,519429.89,True,TRANSFER,0,0,0.0
405670.13,81841.0,0.0,44900.14,450570.28,True,CASH_OUT,0,0,0.0
49485.48,0.0,0.0,643667.6,693153.07,False,CASH_OUT,0,0,0.0
122426.33,50137.0,0.0,0.0,122426.33,True,CASH_OUT,0,0,0.0
806863.3,806863.3,0.0,2344186.16,3151049.45,True,CASH_OUT,1,1,0.46
45993.85,7264.0,0.0,307267.17,353261.02,True,CASH_OUT,0,0,0.0
583111.55,0.0,0.0,1810408.61,2393520.16,False,TRANSFER,0,0,0.0
193147.98,0.0,0.0,594460.09,787608.08,False,CASH_OUT,0,0,0.0
43831.3,24118.0,0.0,241091.52,284922.82,True,CASH_OUT,0,0,0.0
412039.23,0.0,0.0,907562.59,1319601.82,False,CASH_OUT,0,0,0.0
19701.65,900.0,0.0,0.0,19701.65,True,CASH_OUT,0,0,0.0
78756.17,21880.0,0.0,352890.67,431646.85,True,CASH_OUT,0,0,0.0
82260.32,0.0,0.0,171891.23,254151.55,False,CASH_OUT,0,0,0.0
80902.16,0.0,0.0,281214.6,362116.76,False,CASH_OUT,0,0,0.0
382042.38,0.0,0.0,773857.56,1155899.93,False,CASH_OUT,0,0,0.0
161141.78,0.0,0.0,260555.55,421697.33,False,CASH_OUT,0,0,0.0
115819.72,0.0,0.0,577799.63,693619.35,False,CASH_OUT,0,0,0.0
180378.99,0.0,0.0,642968.36,823347.36,False,TRANSFER,0,0,0.0
164835.46,0.0,0.0,202708.0,348204.37,False,CASH_OUT,0,0,0.0
138769.35,0.0,0.0,8840145.02,8978914.37,False,TRANSFER,0,0,0.0
207971.64,8791.0,0.0,40371.52,248343.15,True,CASH_OUT,0,0,0.0
267774.84,5774.0,0.0,0.0,267774.84,True,CASH_OUT,0,0,0.0
27561.59,68249.99,40688.41,0.0,27561.59,False,CASH_OUT,0,0,0.0
112090.39,0.0,0.0,10568342.79,10680433.18,False,CASH_OUT,0,0,0.0
257261.54,41687.0,0.0,8804.1,266065.64,True,CASH_OUT,0,0,0.0
7687.61,87573.49,79885.87,5576656.87,5584344.48,False,TRANSFER,0,0,0.0
347338.08,19862.0,0.0,132146.44,479484.52,True,CASH_OUT,0,0,0.0
92880.24,197.0,0.0,1684185.05,1777065.28,True,CASH_OUT,0,0,0.0
224179.73,0.0,0.0,408516.45,4419655.39,False,CASH_OUT,0,0,0.0
970126.43,0.0,0.0,4007544.76,4977671.19,False,TRANSFER,0,0,0.0
233025.39,49283.0,0.0,539558.31,772583.71,True,CASH_OUT,0,0,0.0
151762.78,91970.65,0.0,2155083.79,2306846.57,True,CASH_OUT,0,0,0.0
131801.45,0.0,0.0,175182.59,306984.04,False,CASH_OUT,0,0,0.0
114564.01,0.0,0.0,5170074.69,5284638.7,False,CASH_OUT,0,0,0.0
653498.42,57679.0,0.0,0.0,653498.42,True,TRANSFER,0,0,0.0
316054.22,106273.0,0.0,178720.05,494774.27,True,CASH_OUT,0,0,0.0
1822.11,0.0,0.0,271550.86,273372.98,False,CASH_OUT,0,0,0.0
184474.71,0.0,0.0,347142.1,531616.81,False,CASH_OUT,0,0,0.0
19488.18,0.0,0.0,72502.47,91990.65,False,CASH_OUT,0,0,0.0
356780.13,0.0,0.0,486464.9,843245.02,False,TRANSFER,0,0,0.0
91215.68,43159.0,0.0,0.0,91215.68,True,CASH_OUT,0,0,0.0
241382.11,95673.26,0.0,2647176.95,2888559.06,True,CASH_OUT,0,0,0.0
120749.43,0.0,0.0,885128.69,984424.07,False,CASH_OUT,0,0,0.0
8909.93,71149.0,62239.07,207823.98,216733.91,False,CASH_OUT,0,0,0.0
445508.68,10770.0,0.0,37783.59,607889.7,True,CASH_OUT,0,0,0.0
172196.53,246759.0,74562.47,228582.47,683021.46,False,CASH_OUT,0,0,0.0
127378.89,721.0,0.0,2185518.66,2312897.55,True,CASH_OUT,0,0,0.0
125942.01,0.0,0.0,9035217.74,9161159.75,False,CASH_OUT,0,0,0.0
107080.16,0.0,0.0,154888.61,261968.76,False,CASH_OUT,0,0,0.0
70233.9,3218.0,0.0,858302.49,928536.39,True,CASH_OUT,0,0,0.0
36806.3,0.0,0.0,209063.38,245869.68,False,CASH_OUT,0,0,0.0
252863.09,0.0,0.0,1419053.3,1671916.39,False,TRANSFER,0,0,0.0
367317.44,20015.0,0.0,974937.57,1342255.01,True,CASH_OUT,0,0,0.0
660574.44,0.0,0.0,1140581.49,1801155.93,False,TRANSFER,0,0,0.0
20597.44,9181.0,0.0,15590.8,36188.24,True,CASH_OUT,0,0,0.0
3961.89,0.0,0.0,4351705.01,4355666.9,False,CASH_OUT,0,0,0.0
61591.58,1070.0,0.0,52569.36,114160.94,True,CASH_OUT,0,0,0.0
25569.71,156202.0,130632.29,576155.54,601725.25,False,CASH_OUT,0,0,0.0
621641.54,0.0,0.0,1414129.66,2035771.2,False,TRANSFER,0,0,0.0
334216.79,143838.0,0.0,365223.9,699440.69,True,CASH_OUT,0,0,0.0
1073047.21,9.0,0.0,98629.54,1171676.75,True,TRANSFER,0,0,0.0
339327.32,0.0,0.0,601569.1,940896.41,False,TRANSFER,0,0,0.0
231596.36,0.0,0.0,6086487.42,6318083.78,False,CASH_OUT,0,0,0.0
319203.79,21719.0,0.0,147448.44,466652.23,True,CASH_OUT,0,0,0.0
356056.4,217740.07,0.0,680311.44,1036367.84,True,CASH_OUT,0,0,0.0
276930.26,60351.0,0.0,276820.69,553750.95,True,CASH_OUT,0,0,0.0
293956.41,256.0,0.0,57912.61,351869.02,True,CASH_OUT,0,0,0.0
90861.39,0.0,0.0,9796568.78,9887430.17,False,CASH_OUT,0,0,0.0
124133.82,328082.0,203948.18,1793611.16,1917744.99,False,CASH_OUT,0,0,0.0
38086.07,29888.0,0.0,128113.05,166199.12,True,CASH_OUT,0,0,0.0
512323.59,10830.0,0.0,68941.74,581265.33,True,CASH_OUT,0,0,0.0
375632.26,0.0,0.0,387002.83,762635.09,False,CASH_OUT,0,0,0.0
46653.35,30002.0,0.0,3432835.21,3479488.56,True,CASH_OUT,0,0,0.0
59270.01,31026.0,0.0,332425.13,391695.14,True,CASH_OUT,0,0,0.0
89610.96,0.0,0.0,948201.0,1037811.96,False,CASH_OUT,0,0,0.0
427323.46,29909.0,0.0,19708.25,447031.71,True,CASH_OUT,0,0,0.0
178217.38,0.0,0.0,4501961.18,4251161.93,False,CASH_OUT,0,0,0.0
60085.06,0.0,0.0,136393.85,196478.91,False,CASH_OUT,0,0,0.0
30140.44,0.0,0.0,2155698.11,2185838.55,False,CASH_OUT,0,0,0.0
171091.78,30467.0,0.0,0.0,171091.78,True,CASH_OUT,0,0,0.0
148535.35,328.0,0.0,0.0,148535.35,True,CASH_OUT,0,0,0.0
435472.03,0.0,0.0,2161314.83,2596786.86,False,TRANSFER,0,0,0.0
137304.92,0.0,0.0,2981356.9,3118661.82,False,CASH_OUT,0,0,0.0
59670.02,0.0,0.0,3540742.91,3600412.93,False,CASH_OUT,0,0,0.0
297893.75,511.0,0.0,48394.6,402067.45,True,TRANSFER,0,0,0.0
509449.32,0.0,0.0,966576.29,1476025.6,False,CASH_OUT,0,0,0.0
111854.69,11147.0,0.0,47740.74,159595.43,True,CASH_OUT,0,0,0.0
43533.4,164744.0,121210.6,884998.71,928532.12,False,CASH_OUT,0,0,0.0
793403.11,0.0,0.0,7464971.89,8258375.0,False,TRANSFER,0,0,0.0
248606.04,21506.0,0.0,11192.57,259798.61,True,CASH_OUT,0,0,0.0
286711.51,0.0,0.0,1021893.89,1359450.07,False,CASH_OUT,0,0,0.0
248823.52,5174.0,0.0,1007073.21,1255896.73,True,CASH_OUT,0,0,0.0
182322.55,0.0,0.0,348905.46,531228.0,False,CASH_OUT,0,0,0.0
421602.74,0.0,0.0,810421.38,1232024.12,False,TRANSFER,0,0,0.0
178635.1,227828.0,49192.9,0.0,178635.1,False,CASH_OUT,0,0,0.0
94341.32,3025.0,0.0,178617.17,272958.49,True,TRANSFER,0,0,0.0
63247.7,104683.0,41435.3,4893153.86,4956401.56,False,CASH_OUT,0,0,0.0
171352.75,19808.0,0.0,82602.12,253954.87,True,CASH_OUT,0,0,0.0
658510.65,0.0,0.0,4160208.26,4818718.91,False,TRANSFER,0,0,0.0
259467.07,7497.0,0.0,53222.5,312689.57,True,CASH_OUT,0,0,0.01
283058.0,0.0,0.0,513695.11,796753.11,False,CASH_OUT,0,0,0.0
34339.05,0.0,0.0,298094.38,332433.43,False,CASH_OUT,0,0,0.0
480452.16,0.0,0.0,6443717.09,6924169.25,False,TRANSFER,0,0,0.0
1988153.85,0.0,0.0,2527761.23,4560473.64,False,TRANSFER,0,0,0.0
285935.77,10903.0,0.0,610994.89,896930.66,True,TRANSFER,0,0,0.0
229111.75,28163.0,0.0,100019.16,329130.9,True,CASH_OUT,0,0,0.0
111114.62,19676.94,0.0,541795.96,652910.58,True,CASH_OUT,0,0,0.0
203014.47,41001.0,0.0,137244.48,340258.95,True,CASH_OUT,0,0,0.0
124721.07,0.0,0.0,355479.39,480200.46,False,TRANSFER,0,0,0.0
288702.37,0.0,0.0,1175672.6,1464374.96,False,TRANSFER,0,0,0.0
201954.05,0.0,0.0,409858.0,611812.05,False,CASH_OUT,0,0,0.0
104274.04,11178.0,0.0,544359.25,648633.29,True,CASH_OUT,0,0,0.0
504212.54,0.0,0.0,930041.55,1832182.76,False,CASH_OUT,0,0,0.0
425617.35,141524.96,0.0,4374047.24,4799664.59,True,TRANSFER,0,0,0.0
274412.84,10811.0,0.0,186621.12,391481.87,True,CASH_OUT,0,0,0.0
125276.9,0.0,0.0,8555039.55,8680316.44,False,TRANSFER,0,0,0.0
156719.7,21449.0,0.0,0.0,156719.7,True,CASH_OUT,0,0,0.0
271489.76,0.0,0.0,3333921.97,3597321.88,False,CASH_OUT,0,0,0.0
181536.77,50330.0,0.0,1947570.82,2129107.59,True,CASH_OUT,0,0,0.0
235834.23,41983.0,0.0,0.0,235834.23,True,CASH_OUT,0,0,0.0
36343.26,22864.0,0.0,1453491.81,1489835.07,True,CASH_OUT,0,0,0.0
360565.99,0.0,0.0,13885041.94,14245607.93,False,CASH_OUT,0,0,0.0
165184.54,0.0,0.0,681607.45,846791.99,False,CASH_OUT,0,0,0.0
123966.14,47528.0,0.0,6301169.64,6425135.77,True,CASH_OUT,0,0,0.0
125556.8,0.0,0.0,221111.31,346668.1,False,CASH_OUT,0,0,0.0
244292.29,0.0,0.0,3803251.6,4047543.89,False,CASH_OUT,0,0,0.0
35206.18,0.0,0.0,142763.66,177969.84,False,TRANSFER,0,0,0.0
79132.04,32062.0,0.0,0.0,79132.04,True,TRANSFER,0,0,0.0
84425.23,0.0,0.0,293846.47,378271.71,False,CASH_OUT,0,0,0.0
1122799.44,0.0,0.0,3444057.6,4566857.05,False,TRANSFER,0,0,0.0
314387.35,20871.0,0.0,732285.48,1046672.82,True,CASH_OUT,0,0,0.0
144672.77,0.0,0.0,14448197.55,14592870.33,False,CASH_OUT,0,0,0.0
174034.2,221755.0,47720.8,0.0,174034.2,False,CASH_OUT,0,0,0.0
399369.92,0.0,0.0,3853943.9,4253313.82,False,CASH_OUT,0,0,0.0
2152544.82,18213.0,0.0,0.0,2152544.82,True,TRANSFER,0,0,0.0
434732.4,89594.0,0.0,4603352.67,5038085.08,True,TRANSFER,0,0,0.0
157429.55,0.0,0.0,232504.11,389933.66,False,CASH_OUT,0,0,0.0
15325.55,0.0,0.0,416379.46,431705.02,False,CASH_OUT,0,0,0.0
132269.09,40340.0,0.0,439058.86,571327.95,True,CASH_OUT,0,0,0.0
56477.04,0.0,0.0,577394.03,633871.07,False,CASH_OUT,0,0,0.0
49907.3,10225.0,0.0,0.0,49907.3,True,CASH_OUT,0,0,0.0
535062.04,100022.0,0.0,0.0,535062.04,True,CASH_OUT,0,0,0.0
172742.93,0.0,0.0,1025780.71,1198523.64,False,CASH_OUT,0,0,0.0
71083.75,0.0,0.0,1785477.09,1856560.84,False,CASH_OUT,0,0,0.0
420590.01,65172.0,0.0,179918.43,600508.44,True,CASH_OUT,0,0,0.0
293556.1,0.0,0.0,4020839.34,4314395.44,False,TRANSFER,0,0,0.0
38480.01,14551.0,0.0,1986762.35,2025242.36,True,CASH_OUT,0,0,0.0
262416.45,0.0,0.0,777828.92,1040245.37,False,TRANSFER,0,0,0.0
56617.88,27808.0,0.0,132404.89,189022.76,True,CASH_OUT,0,0,0.0
483773.91,31233.0,0.0,0.0,483773.91,True,CASH_OUT,0,0,0.0
138467.66,0.0,0.0,1337808.24,1086001.95,False,CASH_OUT,0,0,0.0
151018.47,0.0,0.0,2164544.89,2315563.36,False,TRANSFER,0,0,0.0
52657.68,11795.0,0.0,236985.42,289643.1,True,CASH_OUT,0,0,0.0
2393.55,16923.92,14530.37,345048.13,347441.67,False,CASH_OUT,0,0,0.0
287381.42,8119.0,0.0,3023932.09,3464319.16,True,CASH_OUT,0,0,0.0
47282.51,5026.0,0.0,0.0,428107.82,True,CASH_OUT,0,0,0.0
314736.91,18723.0,0.0,0.0,314736.91,True,CASH_OUT,0,0,0.0
134179.13,29753.0,0.0,0.0,134179.13,True,CASH_OUT,0,0,0.0
64914.57,0.0,0.0,1629612.25,1694526.82,False,CASH_OUT,0,0,0.0
343606.24,206555.0,0.0,565834.31,909440.56,True,TRANSFER,0,0,0.06
56256.89,0.0,0.0,336933.95,393190.85,False,CASH_OUT,0,0,0.0
214661.39,227390.93,12729.54,1480399.38,1695060.77,False,CASH_OUT,0,0,0.0
144153.46,27764.0,0.0,0.0,144153.46,True,CASH_OUT,0,0,0.0
147442.06,14623.0,0.0,1197650.6,1345092.66,True,CASH_OUT,0,0,0.0
45685.03,3231.0,0.0,752108.07,797793.1,True,CASH_OUT,0,0,0.0
54246.82,0.0,0.0,318092.33,372339.15,False,CASH_OUT,0,0,0.0
119641.69,0.0,0.0,650349.53,769991.23,False,CASH_OUT,0,0,0.0
31495.84,0.0,0.0,418814.62,450310.45,False,CASH_OUT,0,0,0.0
63415.03,0.0,0.0,867360.19,930775.22,False,CASH_OUT,0,0,0.0
1085066.53,816.0,0.0,535685.13,1620751.66,True,TRANSFER,0,0,0.0
78454.26,27344.0,0.0,0.0,78454.26,True,CASH_OUT,0,0,0.0
682390.83,11411.0,0.0,307047.8,989438.62,True,CASH_OUT,0,0,0.0
54983.04,0.0,0.0,61876.37,116859.42,False,CASH_OUT,0,0,0.0
315193.47,221.0,0.0,907191.32,1222384.8,True,CASH_OUT,0,0,0.0
148805.72,479898.0,331092.28,16631.16,165436.87,False,CASH_OUT,0,0,0.0
188721.5,254324.0,65602.5,978692.79,1167414.29,False,CASH_OUT,0,0,0.0
202399.86,0.0,0.0,3641842.12,3844241.99,False,CASH_OUT,0,0,0.0
43457.69,0.0,0.0,77670.33,121128.02,False,CASH_OUT,0,0,0.0
1036349.03,0.0,0.0,3454799.63,4491148.66,False,TRANSFER,0,0,0.0
105140.04,21701.0,0.0,280581.49,385721.53,True,CASH_OUT,0,0,0.0
1144370.51,0.0,0.0,1731949.33,2876319.85,False,TRANSFER,0,0,0.0
366576.3,31546.0,0.0,3137496.67,3504072.97,True,CASH_OUT,0,0,0.0
11240.48,0.0,0.0,925636.65,936877.13,False,CASH_OUT,0,0,0.0
117174.85,0.0,0.0,385002.66,502177.51,False,CASH_OUT,0,0,0.0
411580.25,0.0,0.0,450657.72,862237.97,False,CASH_OUT,0,0,0.0
453706.12,476512.88,22806.77,647173.65,1100879.76,False,CASH_OUT,0,0,0.0
40404.29,0.0,0.0,719573.46,759977.75,False,TRANSFER,0,0,0.0
6414.64,44578.84,38164.2,228649.25,235063.89,False,CASH_OUT,0,0,0.0
63485.25,0.0,0.0,2304819.13,2368304.38,False,CASH_OUT,0,0,0.0
91641.43,7829.51,0.0,127837.29,219478.72,True,CASH_OUT,0,0,0.0
212896.39,130689.0,0.0,117154.33,519318.23,True,CASH_OUT,0,0,0.0
942.92,0.0,0.0,27630.98,28573.9,False,CASH_OUT,0,0,0.0
504512.08,0.0,0.0,9051539.23,9468285.92,False,CASH_OUT,0,0,0.0
60102.95,53010.0,0.0,7875.8,67978.75,True,CASH_OUT,0,0,0.0
116012.07,115709.33,0.0,231031.81,347043.87,True,CASH_OUT,0,0,0.0
30814.47,64129.0,33314.53,2043428.41,2074242.88,False,CASH_OUT,0,0,0.0
338603.93,0.0,0.0,612870.04,951473.97,False,TRANSFER,0,0,0.0
22193.38,27959.0,5765.62,6518088.76,6540282.14,False,CASH_OUT,0,0,0.0
378594.29,20669.23,0.0,1227514.56,1606108.85,True,CASH_OUT,0,0,0.0
248481.64,56131.0,0.0,1284937.99,1533419.63,True,CASH_OUT,0,0,0.08
55384.85,6503.0,0.0,332324.37,387709.22,True,CASH_OUT,0,0,0.0
131810.68,0.0,0.0,511998.91,643809.59,False,CASH_OUT,0,0,0.0
241732.98,20018.0,0.0,0.0,241732.98,True,CASH_OUT,0,0,0.0
263315.12,0.0,0.0,2214431.04,2477746.16,False,CASH_OUT,0,0,0.0
383096.57,1936.0,0.0,2765075.87,3148172.44,True,CASH_OUT,0,0,0.0
446028.51,0.0,0.0,1656400.6,2102429.11,False,CASH_OUT,0,0,0.0
519073.33,0.0,0.0,1265148.54,1784221.87,False,TRANSFER,0,0,0.0
86892.84,0.0,0.0,3562908.23,3649801.07,False,CASH_OUT,0,0,0.0
95183.35,0.0,0.0,874864.64,970047.99,False,CASH_OUT,0,0,0.0
4697260.84,261995.85,0.0,4786266.92,9483527.77,True,TRANSFER,0,0,0.01
34141.6,10486.0,0.0,0.0,34141.6,True,CASH_OUT,0,0,0.0
141198.09,0.0,0.0,235041.63,376239.72,False,CASH_OUT,0,0,0.0
145760.3,289.0,0.0,0.0,145760.3,True,CASH_OUT,0,0,0.0
159618.69,0.0,0.0,3897969.46,4057588.15,False,CASH_OUT,0,0,0.0
483784.18,0.0,0.0,794633.96,1278418.14,False,TRANSFER,0,0,0.0
74084.09,119549.21,45465.12,1551841.21,1625925.29,False,CASH_OUT,0,0,0.0
164896.5,0.0,0.0,1615137.01,1780033.51,False,CASH_OUT,0,0,0.0
34905.03,0.0,0.0,1519621.13,1554526.16,False,TRANSFER,0,0,0.0
359737.41,0.0,0.0,1135842.44,1495579.86,False,TRANSFER,0,0,0.0
473709.58,0.0,0.0,1341970.48,1815680.07,False,CASH_OUT,0,0,0.0
218540.35,0.0,0.0,8530150.36,8748690.71,False,CASH_OUT,0,0,0.0
30325.32,32904.0,2578.68,31073.55,61398.87,False,CASH_OUT,0,0,0.0
306050.73,0.0,0.0,2075732.02,2381782.75,False,CASH_OUT,0,0,0.0
148083.9,293851.0,145767.1,151176.2,299260.09,False,TRANSFER,0,0,0.0
121250.02,25202.0,0.0,112544.26,233794.29,True,CASH_OUT,0,0,0.0
25055.42,0.0,0.0,194878.25,219933.67,False,CASH_OUT,0,0,0.0
280489.81,599179.13,318689.32,427308.65,707798.46,False,CASH_OUT,0,0,0.0
9127.27,5506.0,0.0,497935.56,507062.83,True,CASH_OUT,0,0,0.0
65498.2,4214.0,0.0,0.0,308816.2,True,CASH_OUT,0,0,0.0
273093.52,0.0,0.0,1756532.5,2029626.02,False,CASH_OUT,0,0,0.0
24130.13,0.0,0.0,580705.03,604835.16,False,TRANSFER,0,0,0.0
360699.24,21361.0,0.0,82662.47,443361.71,True,CASH_OUT,0,0,0.0
120763.05,0.0,0.0,224447.5,345210.54,False,CASH_OUT,0,0,0.0
168150.22,68046.0,0.0,0.0,168150.22,True,CASH_OUT,0,0,0.0
133877.48,17264.0,0.0,1009957.83,1143835.31,True,CASH_OUT,0,0,0.0
34122.44,180201.0,146078.56,851.0,0.0,False,CASH_OUT,0,0,0.0
2120611.12,0.0,0.0,6450489.1,8571100.23,False,TRANSFER,0,0,0.0
263503.71,0.0,0.0,485282.69,748786.4,False,CASH_OUT,0,0,0.0
41656.5,0.0,0.0,50034.0,91690.5,False,CASH_OUT,0,0,0.0
40477.93,138511.0,98033.07,1512018.4,1552496.33,False,CASH_OUT,0,0,0.0
69659.07,7256.0,0.0,0.0,69659.07,True,CASH_OUT,0,0,0.0
1152084.67,0.0,0.0,1642078.79,2794163.46,False,TRANSFER,0,0,0.0
115885.25,0.0,0.0,850416.89,966302.14,False,TRANSFER,0,0,0.0
343347.06,0.0,0.0,384137.9,727484.96,False,CASH_OUT,0,0,0.0
111467.45,0.0,0.0,289951.03,401418.48,False,CASH_OUT,0,0,0.0
141100.88,80506.0,0.0,89384.09,230484.96,True,CASH_OUT,0,0,0.0
370084.34,0.0,0.0,542264.9,912349.24,False,TRANSFER,0,0,0.0
75987.34,0.0,0.0,292097.62,368084.95,False,CASH_OUT,0,0,0.0
60579.49,0.0,0.0,106227.46,166806.94,False,CASH_OUT,0,0,0.0
145981.41,0.0,0.0,429879.34,575860.74,False,TRANSFER,0,0,0.0
24068.18,0.0,0.0,546380.09,570448.27,False,CASH_OUT,0,0,0.0
406390.63,0.0,0.0,596285.7,1002676.33,False,TRANSFER,0,0,0.0
221903.23,301148.0,79244.77,0.0,221903.23,False,CASH_OUT,0,0,0.0
130708.47,2041.0,0.0,0.0,130708.47,True,CASH_OUT,0,0,0.0
32219.81,31974.0,0.0,281907.5,314127.31,True,CASH_OUT,0,0,0.0
487473.5,0.0,0.0,13130373.96,13617847.46,False,TRANSFER,0,0,0.0
26278.97,81121.92,54842.95,1514318.53,1540597.5,False,CASH_OUT,0,0,0.0
85086.43,0.0,0.0,89306.1,174392.53,False,CASH_OUT,0,0,0.0
246007.79,5912.92,0.0,4138473.55,4384481.34,True,TRANSFER,0,0,0.0
120320.05,10526.0,0.0,4485.47,124805.52,True,CASH_OUT,0,0,0.0
494967.53,389723.57,0.0,3374365.19,3869332.72,True,CASH_OUT,0,0,0.0
120640.79,584309.0,463668.21,1000644.35,1121285.14,False,CASH_OUT,0,0,0.0
333511.44,4850.0,0.0,0.0,333511.44,True,CASH_OUT,0,0,0.0
167753.83,0.0,0.0,234186.48,631589.47,False,CASH_OUT,0,0,0.0
449836.41,0.0,0.0,602832.32,1052668.73,False,CASH_OUT,0,0,0.0
267354.21,8088.0,0.0,0.0,267354.21,True,CASH_OUT,0,0,0.0
364108.48,7859.0,0.0,0.0,364108.48,True,CASH_OUT,0,0,0.0
525350.04,304420.0,0.0,0.0,525350.04,True,TRANSFER,0,1,0.18
107141.17,12453.0,0.0,259702.29,515055.45,True,CASH_OUT,0,0,0.0
131718.61,10891.0,0.0,151744.09,283462.7,True,CASH_OUT,0,0,0.0
242120.59,12734.64,0.0,442873.43,684994.02,True,TRANSFER,0,0,0.0
115666.21,0.0,0.0,1008144.02,1123810.24,False,CASH_OUT,0,0,0.0
247210.22,578.0,0.0,4057676.85,4304887.07,True,CASH_OUT,0,0,0.0
185603.04,18510.0,0.0,121258.01,306861.05,True,CASH_OUT,0,0,0.0
97350.13,7923639.39,7826289.26,186178.32,160083.17,False,CASH_OUT,0,0,0.0
1268438.95,41197.0,0.0,270726.8,1539165.75,True,TRANSFER,0,0,0.0
31913.82,57893.29,25979.47,263665.53,295579.35,False,CASH_OUT,0,0,0.01
198282.31,25040.0,0.0,1634314.48,1832596.79,True,TRANSFER,0,0,0.0
76095.03,0.0,0.0,531391.58,607486.61,False,CASH_OUT,0,0,0.0
158798.25,0.0,0.0,3704643.39,4022505.34,False,CASH_OUT,0,0,0.0
696070.2,412276.0,0.0,527208.44,1223278.64,True,TRANSFER,0,0,0.04
61830.83,9740.94,0.0,4369543.82,4431374.65,True,TRANSFER,0,0,0.0
306415.95,384268.45,77852.5,14150.0,231349.02,False,CASH_OUT,0,0,0.02
235974.4,0.0,0.0,1304598.21,718896.4,False,CASH_OUT,0,0,0.0
236571.86,0.0,0.0,651232.53,887804.39,False,CASH_OUT,0,0,0.0
93949.43,0.0,0.0,1491874.25,1585823.68,False,CASH_OUT,0,0,0.0
224929.68,0.0,0.0,2022854.58,2247784.26,False,CASH_OUT,0,0,0.0
42733.81,0.0,0.0,13625635.38,13668369.19,False,CASH_OUT,0,0,0.0
104052.95,0.0,0.0,2170095.22,2274148.17,False,CASH_OUT,0,0,0.0
139339.57,0.0,0.0,2202052.16,2341391.72,False,CASH_OUT,0,0,0.0
4162.71,0.0,0.0,89690.62,93853.34,False,CASH_OUT,0,0,0.0
1017733.49,33177.0,0.0,59572.64,1077306.13,True,TRANSFER,0,0,0.0
513210.81,0.0,0.0,768940.94,1282151.75,False,TRANSFER,0,0,0.0
147082.69,968.0,0.0,66230.62,0.0,True,CASH_OUT,0,0,0.0
204062.61,0.0,0.0,3925311.82,4129374.43,False,CASH_OUT,0,0,0.0
25559.05,57555.0,31995.95,270.0,90960.62,False,CASH_OUT,0,0,0.01
74943.7,19310.0,0.0,550236.9,625180.6,True,CASH_OUT,0,0,0.0
86791.16,64548.0,0.0,548473.9,635265.06,True,CASH_OUT,0,0,0.0
56897.34,144778.0,87880.66,967307.74,1024205.08,False,CASH_OUT,0,0,0.0
43549.02,0.0,0.0,788852.78,832401.8,False,CASH_OUT,0,0,0.0
28536.13,0.0,0.0,239947.46,268483.59,False,CASH_OUT,0,0,0.0
199847.46,24584.0,0.0,0.0,199847.46,True,CASH_OUT,0,0,0.0
239775.61,16614.0,0.0,1219396.97,1459172.58,True,CASH_OUT,0,0,0.0
2016564.91,39993.0,0.0,1140842.88,3157407.78,True,TRANSFER,0,0,0.0
968458.08,5573.0,0.0,17866.11,986324.19,True,TRANSFER,0,0,0.02
507262.93,0.0,0.0,2921707.32,3428970.25,False,CASH_OUT,0,0,0.0
14014.74,0.0,0.0,270230.64,284245.38,False,CASH_OUT,0,0,0.0
165028.8,48644.0,0.0,147989.37,313018.17,True,CASH_OUT,0,0,0.0
110750.56,0.0,0.0,6742629.63,6853380.19,False,CASH_OUT,0,0,0.0
9872.14,402735.0,392862.86,0.0,9872.14,False,CASH_OUT,0,0,0.0
26384.64,10154.0,0.0,6541512.22,6567896.86,True,CASH_OUT,0,0,0.0
84972.61,8285.0,0.0,0.0,84972.61,True,CASH_OUT,0,0,0.0
425051.28,9674.0,0.0,594186.02,1019237.31,True,TRANSFER,0,0,0.0
255805.06,0.0,0.0,1632090.49,1887895.55,False,CASH_OUT,0,0,0.0
138627.83,0.0,0.0,13761801.65,13903504.04,False,TRANSFER,0,0,0.0
27852.74,1129.0,0.0,1621665.92,1649518.66,True,CASH_OUT,0,0,0.05
627123.06,0.0,0.0,4775761.62,5402884.68,False,TRANSFER,0,0,0.0
200008.72,0.0,0.0,541628.04,741636.76,False,CASH_OUT,0,0,0.0
125523.93,0.0,0.0,1271424.79,1396948.72,False,CASH_OUT,0,0,0.0
101244.37,155260.0,54015.63,3032.0,95931.69,False,CASH_OUT,0,0,0.0
246628.2,160222.0,0.0,292191.7,538819.9,True,CASH_OUT,0,0,0.0
37135.22,0.0,0.0,124778.03,161913.25,False,CASH_OUT,0,0,0.0
19493.17,0.0,0.0,1388042.61,1407535.79,False,CASH_OUT,0,0,0.0
170717.58,11654.0,0.0,653008.86,823726.44,True,TRANSFER,0,0,0.0
24950.49,0.0,0.0,3256973.96,3281924.46,False,CASH_OUT,0,0,0.0
54160.28,739059.7,684899.42,4178493.91,4732117.11,False,CASH_OUT,0,0,0.0
260628.47,10026.0,0.0,0.0,260628.47,True,CASH_OUT,0,0,0.0
738335.99,0.0,0.0,1260615.5,1998951.5,False,CASH_OUT,0,0,0.0
201461.6,186446.0,0.0,0.0,201461.6,True,CASH_OUT,0,0,0.06
8377730.52,50015.0,0.0,694148.73,9071879.25,True,TRANSFER,0,0,0.0
665565.7,29947.0,0.0,3517799.27,4511803.66,True,TRANSFER,0,0,0.0
223127.94,198306.0,0.0,122003.41,345131.35,True,TRANSFER,0,0,0.0
281327.97,52113.0,0.0,134117.15,415445.11,True,CASH_OUT,0,0,0.0
6205.14,0.0,0.0,2989481.48,2995686.62,False,CASH_OUT,0,0,0.0
79953.5,0.0,0.0,1523236.06,1603189.56,False,CASH_OUT,0,0,0.0
156539.72,0.0,0.0,915872.91,1072412.63,False,CASH_OUT,0,0,0.0
61244.95,0.0,0.0,75063.06,136308.01,False,CASH_OUT,0,0,0.0
65597.41,39932.0,0.0,226319.49,291916.89,True,CASH_OUT,0,0,0.0
35409.82,83938.0,48528.18,413591.78,449001.6,False,CASH_OUT,0,0,0.0
122347.64,23363.2,0.0,1799546.51,1921894.15,True,TRANSFER,0,0,0.0
86074.43,0.0,0.0,1052527.74,1138602.17,False,CASH_OUT,0,0,0.0
81652.98,0.0,0.0,1411471.32,1493124.3,False,CASH_OUT,0,0,0.0
212849.01,10005.0,0.0,19628.84,232477.85,True,TRANSFER,0,0,0.0
530390.61,0.0,0.0,688176.44,1218567.05,False,TRANSFER,0,0,0.0
633934.4,10419.0,0.0,131863.99,765798.39,True,TRANSFER,0,0,0.0
235775.98,251.0,0.0,0.0,235775.98,True,CASH_OUT,0,0,0.0
245993.38,18935.0,0.0,803635.76,1049629.14,True,CASH_OUT,0,0,0.0
273339.61,11330.0,0.0,5375665.03,5364166.36,True,CASH_OUT,0,0,0.0
54414.67,0.0,0.0,89624.66,144039.33,False,CASH_OUT,0,0,0.0
54261.71,451.0,0.0,0.0,54261.71,True,CASH_OUT,0,0,0.0
195329.05,0.0,0.0,590738.86,786067.9,False,CASH_OUT,0,0,0.0
120561.63,0.0,0.0,144294.4,264856.04,False,CASH_OUT,0,0,0.0
200092.65,0.0,0.0,468153.66,668246.31,False,CASH_OUT,0,0,0.0
224774.19,6911.0,0.0,497474.55,760860.73,True,CASH_OUT,0,0,0.0
299822.09,0.0,0.0,471063.39,770885.48,False,TRANSFER,0,0,0.0
42843.05,0.0,0.0,3758226.36,3801069.41,False,CASH_OUT,0,0,0.0
285998.97,113633.0,0.0,138020.41,579183.18,True,CASH_OUT,0,0,0.0
126813.12,0.0,0.0,567777.3,694590.42,False,CASH_OUT,0,0,0.0
533065.32,5004.0,0.0,0.0,533065.32,True,CASH_OUT,0,0,0.0
34030.74,0.0,0.0,80687.71,114718.45,False,CASH_OUT,0,0,0.0
520570.64,0.0,0.0,2639576.77,3160147.41,False,TRANSFER,0,0,0.0
81329.57,74296.29,0.0,1136628.48,1217958.05,True,CASH_OUT,0,0,0.0
505999.46,0.0,0.0,1029448.73,1535448.19,False,CASH_OUT,0,0,0.0
148433.99,179171.07,30737.08,1977523.36,2125957.35,False,CASH_OUT,0,0,0.0
56449.99,104427.02,47977.03,192809.72,249259.71,False,CASH_OUT,0,0,0.0
1243793.6,0.0,0.0,2606156.98,3849950.59,False,TRANSFER,0,0,0.0
233144.01,175479.0,0.0,784182.22,1017326.23,True,CASH_OUT,0,0,0.09
211446.55,6083.0,0.0,451212.49,783318.13,True,CASH_OUT,0,0,0.0
166526.79,119420.0,0.0,17011.82,183538.6,True,CASH_OUT,0,0,0.0
155841.66,159173.0,3331.34,0.0,155841.66,False,CASH_OUT,0,0,0.0
59873.92,0.0,0.0,662398.9,722272.82,False,CASH_OUT,0,0,0.0
133345.79,52964.0,0.0,0.0,133345.79,True,CASH_OUT,0,0,0.0
239860.55,60503.0,0.0,0.0,239860.55,True,CASH_OUT,0,0,0.0
90108.6,0.0,0.0,1600619.28,1623377.2,False,CASH_OUT,0,0,0.0
96433.44,20973.0,0.0,0.0,96433.44,True,CASH_OUT,0,0,0.0
94926.45,0.0,0.0,2201003.35,2295929.8,False,CASH_OUT,0,0,0.0
4953893.08,4953893.08,4953893.08,0.0,0.0,False,TRANSFER,1,1,0.23
219127.5,62660.0,0.0,104471.2,318574.94,True,CASH_OUT,0,0,0.0
848131.43,41195.0,0.0,2170215.92,3018347.35,True,TRANSFER,0,0,0.0
177722.08,0.0,0.0,207223.0,384945.08,False,CASH_OUT,0,0,0.0
31384.31,414.0,0.0,0.0,31384.31,True,CASH_OUT,0,0,0.0
150177.04,38930.0,0.0,412558.73,562735.77,True,CASH_OUT,0,0,0.02
152540.86,14137.0,0.0,52498.0,205038.86,True,CASH_OUT,0,0,0.0
21666.38,0.0,0.0,1705399.3,1727065.69,False,CASH_OUT,0,0,0.0
94072.91,429542.98,335470.07,320005.23,414078.14,False,CASH_OUT,0,0,0.0
2051467.47,0.0,0.0,2382030.2,4433497.67,False,TRANSFER,0,0,0.0
1296300.24,0.0,0.0,7353741.66,8650041.9,False,TRANSFER,0,0,0.01
287544.47,0.0,0.0,2202091.42,2489635.89,False,CASH_OUT,0,0,0.0
118245.56,0.0,0.0,3638749.56,3756995.12,False,CASH_OUT,0,0,0.0
17808.61,0.0,0.0,3186492.99,3027732.19,False,CASH_OUT,0,0,0.0
98996.95,0.0,0.0,1144268.93,1243265.88,False,CASH_OUT,0,0,0.0
282642.67,128123.0,0.0,1850764.34,2133407.01,True,CASH_OUT,0,0,0.0
339978.0,5057.0,0.0,341832.16,681810.17,True,TRANSFER,0,0,0.0
294704.97,0.0,0.0,1580530.6,1875235.58,False,CASH_OUT,0,0,0.0
25301.16,0.0,0.0,299211.97,324513.13,False,CASH_OUT,0,0,0.0
114337.87,40465.0,0.0,10729808.29,10844146.16,True,CASH_OUT,0,0,0.0
87737.22,23.0,0.0,9949765.46,10242003.84,True,CASH_OUT,0,0,0.0
72747.91,7476.74,0.0,987277.3,1060025.21,True,CASH_OUT,0,0,0.05
408676.3,0.0,0.0,3376949.99,3785626.29,False,CASH_OUT,0,0,0.0
49921.5,0.0,0.0,4918089.81,4968011.31,False,CASH_OUT,0,0,0.0
6049.29,5010.0,0.0,136339.06,142388.35,True,CASH_OUT,0,0,0.06
210973.76,0.0,0.0,565231.38,776205.14,False,CASH_OUT,0,0,0.0
158441.04,0.0,0.0,587214.97,745656.0,False,TRANSFER,0,0,0.0
45870.05,0.0,0.0,1771965.63,1817835.68,False,CASH_OUT,0,0,0.0
361653.25,0.0,0.0,993795.32,1355448.57,False,TRANSFER,0,0,0.0
126149.36,1418.0,0.0,0.0,310378.27,True,CASH_OUT,0,0,0.0
268241.37,27018.0,0.0,147060.2,415301.58,True,TRANSFER,0,0,0.0
216379.09,0.0,0.0,1075329.77,1291708.86,False,CASH_OUT,0,0,0.0
24117.2,61131.0,37013.8,108335.34,132452.54,False,CASH_OUT,0,0,0.0
235809.26,0.0,0.0,375472.27,611281.53,False,TRANSFER,0,0,0.0
132076.85,0.0,0.0,903020.69,1035097.54,False,CASH_OUT,0,0,0.0
1509061.31,0.0,0.0,1561234.34,3070295.65,False,TRANSFER,0,0,0.0
222624.26,0.0,0.0,1284774.76,1507399.03,False,CASH_OUT,0,0,0.0
82560.17,15162.0,0.0,0.0,82560.17,True,CASH_OUT,0,0,0.0
524241.41,0.0,0.0,2267391.26,2791632.67,False,CASH_OUT,0,0,0.0
113568.69,0.0,0.0,426051.11,539619.8,False,CASH_OUT,0,0,0.0
1260.67,51405.0,50144.33,868118.27,869378.94,False,CASH_OUT,0,0,0.0
105578.77,73582.0,0.0,1796897.58,1902476.35,True,CASH_OUT,0,0,0.0
1083.01,30038.0,28954.99,2990894.3,2991977.31,False,CASH_OUT,0,0,0.0
69525.21,4654.0,0.0,296544.65,366069.86,True,CASH_OUT,0,0,0.0
93483.23,93483.23,0.0,86882.3,180365.53,True,CASH_OUT,1,0,0.0
82363.96,36318.0,0.0,94357.29,176721.25,True,CASH_OUT,0,0,0.0
243999.38,33215.0,0.0,392846.06,1109339.65,True,CASH_OUT,0,0,0.0
1385178.32,2728.0,0.0,25474.55,1410652.86,True,TRANSFER,0,0,0.0
181557.53,20940.0,0.0,0.0,181557.53,True,CASH_OUT,0,0,0.0
21019.63,0.0,0.0,703663.14,724682.77,False,CASH_OUT,0,0,0.0
253265.02,0.0,0.0,1257141.58,1510406.6,False,CASH_OUT,0,0,0.0
272037.69,0.0,0.0,512611.19,784648.88,False,CASH_OUT,0,0,0.0
228636.43,29939.0,0.0,4652898.01,4881534.44,True,CASH_OUT,0,0,0.0
121396.34,441804.65,320408.31,369918.73,491315.07,False,CASH_OUT,0,0,0.0
92673.94,0.0,0.0,3337907.28,3430581.21,False,CASH_OUT,0,0,0.0
20150.34,0.0,0.0,212220.0,334190.04,False,TRANSFER,0,0,0.0
75427.85,153553.91,78126.06,111303.56,186731.41,False,CASH_OUT,0,0,0.0
380950.45,103340.0,0.0,284055.64,665006.08,True,CASH_OUT,0,0,0.0
33646.67,206097.0,172450.33,148943.6,182590.27,False,CASH_OUT,0,0,0.0
24203.22,0.0,0.0,445634.41,469837.63,False,TRANSFER,0,0,0.0
398660.79,0.0,0.0,509061.6,907722.39,False,TRANSFER,0,0,0.0
84234.81,56048.73,0.0,617999.55,702234.36,True,CASH_OUT,0,0,0.04
50402.25,0.0,0.0,1360122.12,1410524.37,False,CASH_OUT,0,0,0.0
20309.49,208783.0,188473.51,120247.21,140556.7,False,CASH_OUT,0,0,0.0
209088.34,858.0,0.0,476012.63,685100.97,True,CASH_OUT,0,0,0.0
7413746.52,0.0,0.0,20000000.0,27413746.52,False,TRANSFER,0,0,0.0
47575.47,0.0,0.0,92139.36,139714.83,False,CASH_OUT,0,0,0.0
4463.19,0.0,0.0,29280.74,33743.92,False,TRANSFER,0,0,0.0
131261.23,106368.0,0.0,0.0,131261.23,True,CASH_OUT,0,0,0.0
141915.54,6794.0,0.0,0.0,418929.9,True,CASH_OUT,0,0,0.0
120508.83,0.0,0.0,425602.18,677839.29,False,CASH_OUT,0,0,0.0
91654.55,14588.0,0.0,59602.32,151256.86,True,CASH_OUT,0,0,0.0
78355.7,0.0,0.0,741944.95,820300.65,False,TRANSFER,0,0,0.0
309160.48,0.0,0.0,897657.94,1206818.42,False,TRANSFER,0,0,0.0
135890.08,0.0,0.0,282808.96,418699.04,False,CASH_OUT,0,0,0.0
69654.7,6502.32,0.0,335707.46,405362.16,True,CASH_OUT,0,0,0.0
59557.16,1139.0,0.0,153172.36,212729.52,True,CASH_OUT,0,0,0.0
233950.54,0.0,0.0,5457805.86,5691756.4,False,CASH_OUT,0,0,0.0
122363.61,10332.0,0.0,2253089.4,2375453.01,True,CASH_OUT,0,0,0.0
210207.52,29978.0,0.0,1915.46,212122.98,True,TRANSFER,0,0,0.0
73538.0,236.0,0.0,0.0,73538.0,True,CASH_OUT,0,0,0.0
274698.34,0.0,0.0,1639986.67,1914685.01,False,CASH_OUT,0,0,0.0
39995.1,371482.0,331486.9,0.0,39995.1,False,CASH_OUT,0,0,0.0
76345.98,0.0,0.0,481191.05,557537.03,False,CASH_OUT,0,0,0.0
163169.82,0.0,0.0,965264.22,1128434.04,False,CASH_OUT,0,0,0.0
193692.85,153221.0,0.0,1860657.46,2054350.32,True,CASH_OUT,0,0,0.0
340480.47,0.0,0.0,1307541.0,1648021.47,False,CASH_OUT,0,0,0.0
71326.72,17056.0,0.0,1847878.94,1919205.65,True,CASH_OUT,0,0,0.0
265865.89,0.0,0.0,374771.72,640637.61,False,CASH_OUT,0,0,0.0
144113.83,539801.0,395687.17,0.0,144113.83,False,CASH_OUT,0,0,0.0
283372.39,90374.0,0.0,4302216.11,4585588.5,True,TRANSFER,0,0,0.0
269824.21,339.0,0.0,0.0,269824.21,True,CASH_OUT,0,0,0.0
308179.9,0.0,0.0,4706833.95,5015013.85,False,CASH_OUT,0,0,0.0
99977.73,0.0,0.0,1143588.45,1243566.19,False,CASH_OUT,0,0,0.0
82308.62,29758.0,0.0,364580.04,446888.66,True,CASH_OUT,0,0,0.0
96620.18,0.0,0.0,1518507.47,1615127.65,False,CASH_OUT,0,0,0.0
68222.73,220002.0,151779.27,0.0,68222.73,False,CASH_OUT,0,0,0.0
9725.66,11465.0,1739.34,305291.78,315017.45,False,CASH_OUT,0,0,0.0
241554.77,0.0,0.0,256739.45,498294.22,False,CASH_OUT,0,0,0.0
273994.98,19911.0,0.0,290183.49,564178.47,True,CASH_OUT,0,0,0.05
514823.31,0.0,0.0,3848675.49,4363498.8,False,TRANSFER,0,0,0.0
400309.54,10147.0,0.0,1599766.94,2000076.48,True,CASH_OUT,0,0,0.0
1074237.53,0.0,0.0,2828761.66,3902999.18,False,TRANSFER,0,0,0.0
457626.71,0.0,0.0,1147073.2,1604699.9,False,CASH_OUT,0,0,0.0
17614.58,153467.0,135852.42,4414272.51,4431887.08,False,CASH_OUT,0,0,0.0
20598.07,14891.0,0.0,453692.55,474290.62,True,CASH_OUT,0,0,0.0
114334.89,0.0,0.0,230696.98,345031.87,False,CASH_OUT,0,0,0.0
294384.75,0.0,0.0,1408993.19,1703377.95,False,CASH_OUT,0,0,0.0
300411.36,0.0,0.0,440040.96,740452.32,False,CASH_OUT,0,0,0.0
137332.66,0.0,0.0,1672016.99,1809349.65,False,CASH_OUT,0,0,0.0
359032.84,0.0,0.0,1468016.26,1827049.11,False,CASH_OUT,0,0,0.0
230434.9,123178.0,0.0,9872361.1,10102796.0,True,CASH_OUT,0,0,0.0
242493.61,7091.0,0.0,29188.3,271681.91,True,CASH_OUT,0,0,0.0
29683.76,44714.0,15030.24,1924237.87,1953921.63,False,CASH_OUT,0,0,0.0
107655.37,0.0,0.0,13587774.6,13695429.98,False,CASH_OUT,0,0,0.0
189283.86,0.0,0.0,5267452.95,5456736.81,False,CASH_OUT,0,0,0.0
169106.98,0.0,0.0,3278986.2,3448093.19,False,CASH_OUT,0,0,0.0
57422.56,397.0,0.0,320304.51,377727.08,True,CASH_OUT,0,0,0.0
23763.08,49829.0,26065.92,242144.44,265907.52,False,CASH_OUT,0,0,0.0
256137.76,471.0,0.0,1625008.89,1730610.67,True,TRANSFER,0,0,0.0
253076.46,0.0,0.0,4956565.91,5209642.37,False,TRANSFER,0,0,0.0
321090.28,347.0,0.0,1477280.72,1798371.0,True,CASH_OUT,0,0,0.0
299565.32,779.0,0.0,0.0,299565.32,True,CASH_OUT,0,0,0.0
396529.11,147673.0,0.0,0.0,396529.11,True,CASH_OUT,0,0,0.0
284886.89,25298.0,0.0,0.0,284886.89,True,CASH_OUT,0,0,0.0
240156.34,0.0,0.0,2811902.28,3052058.62,False,CASH_OUT,0,0,0.0
76664.1,0.0,0.0,1302131.67,1378795.78,False,CASH_OUT,0,0,0.0
853455.29,5.0,0.0,0.0,853455.29,True,TRANSFER,0,0,0.0
152741.37,19326.0,0.0,3912095.19,4064836.56,True,CASH_OUT,0,0,0.0
170375.67,31405.0,0.0,0.0,170375.67,True,CASH_OUT,0,0,0.0
664908.58,49623.0,0.0,7073836.56,7738745.14,True,TRANSFER,0,0,0.0
291112.06,763.0,0.0,1122327.41,1413439.47,True,CASH_OUT,0,0,0.0
1604751.82,0.0,0.0,2086440.3,3848298.83,False,TRANSFER,0,0,0.0
81056.51,20356.0,0.0,0.0,81056.51,True,TRANSFER,0,0,0.0
40474.84,0.0,0.0,246280.64,286755.48,False,CASH_OUT,0,0,0.0
654673.42,149928.0,0.0,1408203.63,2062877.05,True,TRANSFER,0,0,0.0
15087.86,0.0,0.0,26984.83,42072.69,False,CASH_OUT,0,0,0.0
6063.37,0.0,0.0,1071442.16,1077505.53,False,CASH_OUT,0,0,0.0
1789379.91,130163.11,0.0,4329140.53,6118520.43,True,TRANSFER,0,0,0.0
74573.02,0.0,0.0,4258929.62,4333502.64,False,CASH_OUT,0,0,0.0
5872.88,2007.0,0.0,304868.14,310741.02,True,CASH_OUT,0,0,0.05
230868.59,0.0,0.0,1639062.24,1869930.83,False,TRANSFER,0,0,0.0
204388.79,46169.0,0.0,0.0,204388.79,True,CASH_OUT,0,0,0.0
98325.95,50712.0,0.0,372139.34,470465.29,True,CASH_OUT,0,0,0.0
120476.59,5032.0,0.0,122726.68,243203.27,True,TRANSFER,0,0,0.0
384666.5,20954.0,0.0,116471.21,501137.71,True,CASH_OUT,0,0,0.0
236063.57,45987.0,0.0,0.0,243712.13,True,CASH_OUT,0,0,0.0
510190.97,57590.0,0.0,115914.88,626105.86,True,CASH_OUT,0,0,0.0
269695.18,31684.0,0.0,247559.64,517254.82,True,CASH_OUT,0,0,0.0
274122.89,0.0,0.0,6014029.11,6219145.29,False,CASH_OUT,0,0,0.0
62425.1,0.0,0.0,582547.62,644972.72,False,CASH_OUT,0,0,0.0
1068295.94,0.0,0.0,1797208.19,2865504.13,False,TRANSFER,0,0,0.0
794911.67,0.0,0.0,887975.79,1682887.46,False,TRANSFER,0,0,0.0
123525.08,59471.0,0.0,139210.63,262735.71,True,CASH_OUT,0,0,0.0
200036.26,0.0,0.0,584562.14,784598.4,False,CASH_OUT,0,0,0.0
592590.8,0.0,0.0,1011540.67,1604131.47,False,TRANSFER,0,0,0.0
20325.13,0.0,0.0,10617975.15,10638300.28,False,CASH_OUT,0,0,0.0
90930.74,0.0,0.0,1051367.75,1142298.49,False,CASH_OUT,0,0,0.0
313986.23,125632.0,0.0,0.0,313986.23,True,CASH_OUT,0,0,0.02
104644.46,0.0,0.0,5937841.96,6042486.42,False,CASH_OUT,0,0,0.0
7262.75,0.0,0.0,2134492.68,2141755.43,False,CASH_OUT,0,0,0.01
84124.22,0.0,0.0,528507.34,612631.56,False,CASH_OUT,0,0,0.0
207243.57,0.0,0.0,6830933.94,7307796.81,False,CASH_OUT,0,0,0.0
104282.17,5610.0,0.0,816778.78,921060.94,True,CASH_OUT,0,0,0.0
147422.06,65873.0,0.0,319118.63,466540.69,True,CASH_OUT,0,0,0.0
553127.73,59916.0,0.0,22328251.2,22881378.93,True,TRANSFER,0,0,0.0
806413.8,52747.0,0.0,116045.92,922459.72,True,TRANSFER,0,0,0.0
128904.37,486900.66,357996.29,546446.68,454074.1,False,CASH_OUT,0,0,0.0
713697.27,0.0,0.0,1441809.26,2155506.53,False,TRANSFER,0,0,0.0
154965.75,0.0,0.0,239095.05,394060.79,False,CASH_OUT,0,0,0.0
156765.52,0.0,0.0,383977.55,540743.07,False,CASH_OUT,0,0,0.0
76188.59,10926.0,0.0,286138.53,362327.13,True,CASH_OUT,0,0,0.0
181590.25,16877.0,0.0,965075.32,1146665.57,True,CASH_OUT,0,0,0.0
402018.27,11328.0,0.0,2871801.44,3273819.71,True,CASH_OUT,0,0,0.0
348275.35,0.0,0.0,2854643.75,3202919.1,False,CASH_OUT,0,0,0.0
211844.24,21087.0,0.0,0.0,211844.24,True,CASH_OUT,0,0,0.0
250093.5,41613.0,0.0,261693.62,511787.12,True,CASH_OUT,0,0,0.0
99331.09,0.0,0.0,2538215.99,2637547.09,False,CASH_OUT,0,0,0.0
68894.72,41725.0,0.0,0.0,68894.72,True,CASH_OUT,0,0,0.0
426993.6,0.0,0.0,3023556.26,3450549.86,False,CASH_OUT,0,0,0.0
175807.19,0.0,0.0,383234.32,559041.51,False,CASH_OUT,0,0,0.0
440896.77,101133.0,0.0,1652987.45,2093884.21,True,CASH_OUT,0,0,0.0
53443.85,0.0,0.0,1380713.82,1434157.67,False,CASH_OUT,0,0,0.0
12169.26,232632.0,220462.74,3409398.87,3421568.13,False,CASH_OUT,0,0,0.0
252502.03,0.0,0.0,2389917.19,2642419.22,False,TRANSFER,0,0,0.0
79936.47,15081.0,0.0,1479715.18,1559651.65,True,CASH_OUT,0,0,0.0
148443.03,550027.0,401583.97,1317298.42,1465741.45,False,CASH_OUT,0,0,0.0
418624.49,0.0,0.0,11271133.88,14595920.32,False,CASH_OUT,0,0,0.0
107586.76,0.0,0.0,237188.72,344775.49,False,CASH_OUT,0,0,0.0
222538.45,97542.0,0.0,0.0,222538.45,True,CASH_OUT,0,0,0.0
136768.47,51815.0,0.0,305880.99,442649.46,True,CASH_OUT,0,0,0.0
389869.91,0.0,0.0,6048858.16,6438728.07,False,CASH_OUT,0,0,0.0
43350.09,0.0,0.0,128760.61,172110.7,False,CASH_OUT,0,0,0.0
60606.32,0.0,0.0,338629.16,399235.48,False,CASH_OUT,0,0,0.0
81770.08,0.0,0.0,700244.92,782014.99,False,CASH_OUT,0,0,0.0
764031.95,97518.0,0.0,0.0,764031.95,True,TRANSFER,0,0,0.0
307583.29,147.0,0.0,53146.39,360729.68,True,CASH_OUT,0,0,0.0
158977.55,0.0,0.0,1119203.99,1278181.55,False,CASH_OUT,0,0,0.0
73107.62,32353.0,0.0,0.0,73107.62,True,CASH_OUT,0,0,0.0
620587.36,0.0,0.0,1152392.76,1589954.17,False,TRANSFER,0,0,0.0
27422.31,0.0,0.0,402089.9,429512.21,False,CASH_OUT,0,0,0.0
37324.56,106215.0,68890.44,327270.54,364595.1,False,CASH_OUT,0,0,0.0
154043.68,326395.13,172351.44,284708.01,438751.69,False,CASH_OUT,0,0,0.0
30079.14,0.0,0.0,920085.41,1750528.94,False,CASH_OUT,0,0,0.0
75684.77,22967.0,0.0,71764.77,147449.54,True,CASH_OUT,0,0,0.0
111197.32,0.0,0.0,201582.43,312779.76,False,TRANSFER,0,0,0.0
444702.01,0.0,0.0,9506171.89,9950873.9,False,CASH_OUT,0,0,0.0
74787.22,0.0,0.0,2081321.3,2156108.52,False,TRANSFER,0,0,0.0
107759.5,0.0,0.0,1507711.83,1615471.33,False,CASH_OUT,0,0,0.0
134034.82,0.0,0.0,1479711.82,1613746.64,False,CASH_OUT,0,0,0.0
555940.07,31325.0,0.0,0.0,555940.07,True,CASH_OUT,0,0,0.0
299105.57,60293.0,0.0,1722004.82,2021110.39,True,CASH_OUT,0,0,0.0
428968.3,0.0,0.0,931495.53,1360463.82,False,CASH_OUT,0,0,0.0
251225.77,41290.0,0.0,5124625.51,5375851.29,True,CASH_OUT,0,0,0.0
116661.48,366.0,0.0,183695.4,300356.88,True,CASH_OUT,0,0,0.0
227035.15,36057.0,0.0,577383.9,804419.06,True,CASH_OUT,0,0,0.0
89190.9,0.0,0.0,104926.0,0.0,False,CASH_OUT,0,0,0.0
317998.16,15566.43,0.0,735841.62,1053839.78,True,CASH_OUT,0,0,0.0
264347.77,11436.0,0.0,92349636.44,92613984.21,True,CASH_OUT,0,0,0.0
294828.68,131.0,0.0,95253.64,390082.32,True,CASH_OUT,0,0,0.0
227340.36,0.0,0.0,1801028.28,2028368.64,False,CASH_OUT,0,0,0.0
28468.98,469.0,0.0,3283708.02,3312177.0,True,CASH_OUT,0,0,0.0
128596.83,30137.0,0.0,1031153.09,1159749.92,True,TRANSFER,0,0,0.0
112307.17,0.0,0.0,169593.25,281900.41,False,CASH_OUT,0,0,0.0
203336.62,147045.0,0.0,122907.56,326244.18,True,CASH_OUT,0,0,0.0
316007.89,12556.0,0.0,4921939.77,5237947.66,True,CASH_OUT,0,0,0.0
403463.47,6542.0,0.0,396386.4,799849.87,True,CASH_OUT,0,0,0.0
22816.41,21097.0,0.0,0.0,22816.41,True,CASH_OUT,0,0,0.0
108731.07,109611.0,879.93,1938915.77,2047646.84,False,CASH_OUT,0,0,0.0
516613.09,36303.0,0.0,0.0,516613.09,True,CASH_OUT,0,0,0.0
782913.35,0.0,0.0,2839281.53,3622194.87,False,TRANSFER,0,0,0.0
167834.91,337.0,0.0,133540.24,301375.15,True,CASH_OUT,0,0,0.0
384056.54,1416.0,0.0,3043405.92,3427462.46,True,CASH_OUT,0,0,0.0
236528.77,10553.0,0.0,0.0,236528.77,True,CASH_OUT,0,0,0.0
141981.69,14491.0,0.0,204333.16,346314.85,True,CASH_OUT,0,0,0.0
110462.28,0.0,0.0,1532372.47,1642834.74,False,CASH_OUT,0,0,0.0
1487955.51,8303.0,0.0,22995.4,1510950.91,True,TRANSFER,0,0,0.0
58150.11,11315.0,0.0,1220122.77,1278272.88,True,CASH_OUT,0,0,0.01
642083.96,2048.0,0.0,784998.35,1427082.32,True,CASH_OUT,0,0,0.0
26515.11,0.0,0.0,485180.01,511695.12,False,CASH_OUT,0,0,0.0
421897.65,51571.0,0.0,3574354.11,3996251.76,True,CASH_OUT,0,0,0.0
122277.7,0.0,0.0,1106703.35,1071324.86,False,CASH_OUT,0,0,0.0
359459.23,0.0,0.0,795024.54,1154483.77,False,CASH_OUT,0,0,0.0
74394.95,0.0,0.0,1296632.52,1371027.47,False,CASH_OUT,0,0,0.0
451754.89,16533.01,0.0,3924300.36,4376055.24,True,CASH_OUT,0,0,0.0
462559.61,0.0,0.0,1519372.72,1981932.33,False,CASH_OUT,0,0,0.0
6319.69,0.0,0.0,852597.79,858917.48,False,CASH_OUT,0,0,0.0
221983.24,0.0,0.0,3882169.6,4104152.83,False,CASH_OUT,0,0,0.0
416268.86,0.0,0.0,1195598.19,1611867.05,False,CASH_OUT,0,0,0.0
153598.78,0.0,0.0,3214587.14,3368185.92,False,CASH_OUT,0,0,0.0
174478.89,15277.0,0.0,0.0,174478.89,True,CASH_OUT,0,0,0.0
100202.49,0.0,0.0,529629.27,629831.76,False,TRANSFER,0,0,0.0
218659.82,1005.0,0.0,16320325.66,16592681.56,True,CASH_OUT,0,0,0.0
2050285.56,16906.0,0.0,2135478.6,4185764.16,True,TRANSFER,0,0,0.0
174514.98,14478.0,0.0,189227.41,363742.39,True,CASH_OUT,0,0,0.0
336369.59,16600.0,0.0,212669.0,549038.59,True,CASH_OUT,0,0,0.0
72891.45,1082.0,0.0,16776.5,89667.95,True,CASH_OUT,0,0,0.0
961126.68,36789.0,0.0,124289.06,1085415.74,True,TRANSFER,0,0,0.0
269280.63,3566.0,0.0,120272.9,389553.53,True,CASH_OUT,0,0,0.0
39158.29,0.0,0.0,279345.42,318503.7,False,CASH_OUT,0,0,0.0
101831.22,9479.0,0.0,739154.39,1398107.22,True,CASH_OUT,0,0,0.0
237767.81,0.0,0.0,635521.44,873289.25,False,CASH_OUT,0,0,0.0
25680.66,146.0,0.0,209488.03,235168.69,True,CASH_OUT,0,0,0.0
639175.49,0.0,0.0,978248.1,1617423.59,False,TRANSFER,0,0,0.0
431464.92,23395.0,0.0,0.0,431464.92,True,TRANSFER,0,0,0.0
31663.0,0.0,0.0,1283428.83,1770938.59,False,CASH_OUT,0,0,0.0
136354.68,7370.0,0.0,0.0,136354.68,True,CASH_OUT,0,0,0.09
266395.62,100.0,0.0,0.0,266395.62,True,CASH_OUT,0,0,0.0
292087.4,21472.0,0.0,99723.98,391811.39,True,CASH_OUT,0,0,0.0
178844.4,0.0,0.0,672401.4,851245.8,False,CASH_OUT,0,0,0.0
69973.46,540.0,0.0,460987.87,530961.33,True,CASH_OUT,0,0,0.0
661295.36,21459.0,0.0,121104.05,782399.41,True,TRANSFER,0,0,0.0
544.76,0.0,0.0,151718.06,152262.82,False,CASH_OUT,0,0,0.0
110654.57,981219.55,870564.98,1853301.84,1963956.41,False,CASH_OUT,0,0,0.0
74869.15,21611.0,0.0,2534526.89,2609396.04,True,CASH_OUT,0,0,0.0
273835.33,172774.17,0.0,2606188.03,2880023.36,True,CASH_OUT,0,0,0.01
206542.03,0.0,0.0,926092.16,1132634.18,False,CASH_OUT,0,0,0.0
70544.23,0.0,0.0,198586.54,269130.77,False,CASH_OUT,0,0,0.0
309890.73,110185.0,0.0,0.0,309890.73,True,CASH_OUT,0,0,0.02
95247.86,0.0,0.0,124189.65,219437.51,False,CASH_OUT,0,0,0.0
46457.98,0.0,0.0,213379.1,259837.07,False,CASH_OUT,0,0,0.0
73443.84,0.0,0.0,390784.85,464228.69,False,CASH_OUT,0,0,0.0
50111.49,0.0,0.0,955820.53,1005932.02,False,CASH_OUT,0,0,0.0
368101.73,61790.0,0.0,206350.72,574452.45,True,CASH_OUT,0,0,0.0
143544.16,47132.0,0.0,237805.31,381349.47,True,CASH_OUT,0,0,0.0
261635.18,373626.28,111991.1,0.0,261635.18,False,CASH_OUT,0,0,0.0
29647.77,213570.0,183922.23,0.0,29647.77,False,CASH_OUT,0,0,0.0
140902.58,117368.0,0.0,233666.44,374569.02,True,CASH_OUT,0,0,0.0
116131.95,20125.0,0.0,0.0,116131.95,True,CASH_OUT,0,0,0.0
69487.59,0.0,0.0,1266801.46,1336289.05,False,CASH_OUT,0,0,0.0
360173.09,433207.82,73034.73,575970.99,936144.08,False,CASH_OUT,0,0,0.0
388420.47,0.0,0.0,3979392.61,4367813.08,False,CASH_OUT,0,0,0.0
406376.93,122663.0,0.0,2893021.65,3299398.57,True,CASH_OUT,0,0,0.0
242964.75,20670.0,0.0,295602.71,538567.46,True,CASH_OUT,0,0,0.0
172033.94,0.0,0.0,1873770.62,2045804.56,False,CASH_OUT,0,0,0.0
83693.66,16223.0,0.0,0.0,83693.66,True,CASH_OUT,0,0,0.0
61587.38,0.0,0.0,160851.7,222439.08,False,CASH_OUT,0,0,0.0
93144.91,0.0,0.0,3425941.06,3519085.97,False,CASH_OUT,0,0,0.0
80412.93,0.0,0.0,249737.4,330150.33,False,CASH_OUT,0,0,0.0
187140.74,841.0,0.0,0.0,187140.74,True,CASH_OUT,0,0,0.0
202798.6,0.0,0.0,522209.29,863117.26,False,CASH_OUT,0,0,0.0
88911.31,0.0,0.0,479216.24,373715.54,False,CASH_OUT,0,0,0.0
4485.69,24.0,0.0,175260.69,179746.38,True,CASH_OUT,0,0,0.02
332466.77,331884.65,0.0,23720357.28,23876801.26,True,CASH_OUT,0,0,0.05
109916.24,1035.0,0.0,0.0,109916.24,True,CASH_OUT,0,0,0.0
182518.35,59039.0,0.0,391821.8,574340.15,True,CASH_OUT,0,0,0.0
101066.77,299663.0,198596.23,0.0,101066.77,False,CASH_OUT,0,0,0.0
325382.15,0.0,0.0,722869.12,1048251.27,False,TRANSFER,0,0,0.0
137064.71,32394.0,0.0,578856.79,715921.49,True,CASH_OUT,0,0,0.0
151491.8,0.0,0.0,263584.73,415076.53,False,CASH_OUT,0,0,0.0
169145.43,0.0,0.0,1214932.36,1384077.79,False,CASH_OUT,0,0,0.0
603244.44,0.0,0.0,3608295.7,4152863.43,False,TRANSFER,0,0,0.0
241137.0,0.0,0.0,933221.74,1184344.03,False,CASH_OUT,0,0,0.0
171445.41,184235.0,12789.59,27699.63,188713.83,False,CASH_OUT,0,0,0.0
35273.75,0.0,0.0,41355.0,152147.98,False,CASH_OUT,0,0,0.0
3091.59,1055.0,0.0,226036.88,229128.47,True,CASH_OUT,0,0,0.02
145564.92,11849.0,0.0,0.0,145564.92,True,TRANSFER,0,0,0.0
29848.73,0.0,0.0,482590.81,148417.35,False,CASH_OUT,0,0,0.0
292091.54,14789.0,0.0,83742.94,432855.73,True,CASH_OUT,0,0,0.0
82274.43,0.0,0.0,2692461.73,2774736.16,False,CASH_OUT,0,0,0.0
184350.87,18301.72,0.0,1876363.42,2202107.72,True,CASH_OUT,0,0,0.0
531778.61,10492.0,0.0,0.0,531778.61,True,TRANSFER,0,0,0.0
318846.48,0.0,0.0,412790.48,731636.96,False,CASH_OUT,0,0,0.0
90534.98,189239.99,98705.01,286339.86,376874.84,False,CASH_OUT,0,0,0.0
48137.81,0.0,0.0,3093661.38,3141799.19,False,CASH_OUT,0,0,0.0
84001.04,0.0,0.0,1139206.85,1721778.35,False,CASH_OUT,0,0,0.0
97346.58,0.0,0.0,401988.61,499335.19,False,CASH_OUT,0,0,0.0
238733.15,407.0,0.0,5291408.95,5530142.11,True,CASH_OUT,0,0,0.0
737413.84,0.0,0.0,1910559.34,2647973.17,False,TRANSFER,0,0,0.0
40899.7,24639.0,0.0,0.0,247009.37,True,CASH_OUT,0,0,0.0
1170282.92,1170282.92,0.0,173264.14,1343547.06,True,CASH_OUT,1,1,0.8
1907423.73,13136.0,0.0,35579.51,1943003.24,True,TRANSFER,0,0,0.0
60838.22,50850.0,0.0,1601778.31,1825590.3,True,CASH_OUT,0,0,0.0
18801.43,126.0,0.0,0.0,18801.43,True,TRANSFER,0,0,0.0
543141.74,64623.0,0.0,0.0,543141.74,True,TRANSFER,0,0,0.0
154109.49,30092.0,0.0,174069.26,328178.75,True,CASH_OUT,0,0,0.0
126092.92,0.0,0.0,231277.09,357370.02,False,CASH_OUT,0,0,0.0
144669.01,10773.0,0.0,298243.14,442912.15,True,CASH_OUT,0,0,0.0
424963.92,0.0,0.0,583909.27,1008873.19,False,CASH_OUT,0,0,0.0
43522.69,0.0,0.0,593545.76,637068.45,False,CASH_OUT,0,0,0.0
1241711.92,16011.0,0.0,118414.02,1360125.94,True,TRANSFER,0,0,0.0
681916.98,0.0,0.0,1272192.1,2022537.13,False,TRANSFER,0,0,0.0
25883.52,11359.0,0.0,252789.17,278672.69,True,CASH_OUT,0,0,0.0
709.6,1554.0,844.4,347125.28,347834.88,False,CASH_OUT,0,0,0.0
168644.56,0.0,0.0,2134465.02,2303109.59,False,CASH_OUT,0,0,0.0
45702.62,761988.0,716285.38,6327489.25,6373191.87,False,CASH_OUT,0,0,0.0
729633.63,31162.0,0.0,471982.07,1201615.7,True,TRANSFER,0,0,0.0
166630.86,0.0,0.0,3141306.8,3307937.66,False,CASH_OUT,0,0,0.0
163025.58,0.0,0.0,219434.38,382459.96,False,CASH_OUT,0,0,0.0
262867.75,216248.83,0.0,0.0,262867.75,True,CASH_OUT,0,0,0.06
54454.57,675.0,0.0,0.0,54454.57,True,CASH_OUT,0,0,0.0
103856.71,0.0,0.0,438797.8,542654.5,False,CASH_OUT,0,0,0.0
633936.09,0.0,0.0,813928.04,1447864.13,False,TRANSFER,0,0,0.0
210963.54,0.0,0.0,339365.82,550329.35,False,CASH_OUT,0,0,0.0
280405.01,0.0,0.0,7524221.84,7804626.85,False,CASH_OUT,0,0,0.0
125132.6,292194.0,167061.4,0.0,125132.6,False,TRANSFER,0,0,0.0
163089.44,0.0,0.0,279185.76,442275.2,False,TRANSFER,0,0,0.0
173743.34,70741.0,0.0,66688.3,240431.64,True,CASH_OUT,0,0,0.0
199309.59,0.0,0.0,3507732.71,3707042.3,False,CASH_OUT,0,0,0.0
133351.68,299296.36,165944.68,267024.86,400376.54,False,CASH_OUT,0,0,0.0
166851.63,0.0,0.0,215973.26,382824.89,False,CASH_OUT,0,0,0.0
2350420.53,21689.0,0.0,1519542.03,3869962.56,True,TRANSFER,0,0,0.0
120039.57,0.0,0.0,1783515.42,1903554.99,False,CASH_OUT,0,0,0.0
28069.53,0.0,0.0,176630.15,204699.69,False,CASH_OUT,0,0,0.0
135411.69,0.0,0.0,1182915.15,1318326.84,False,CASH_OUT,0,0,0.0
475855.57,15987.0,0.0,219543.47,695399.04,True,CASH_OUT,0,0,0.0
234487.52,172.0,0.0,0.0,789396.74,True,CASH_OUT,0,0,0.0
194597.87,5005.0,0.0,0.0,194597.87,True,CASH_OUT,0,0,0.0
84034.01,22081.0,0.0,0.0,84034.01,True,CASH_OUT,0,0,0.0
38153.98,0.0,0.0,155335.4,193489.38,False,CASH_OUT,0,0,0.0
49750.45,7217.0,0.0,0.0,49750.45,True,CASH_OUT,0,0,0.0
103509.81,0.0,0.0,159468.5,262978.31,False,CASH_OUT,0,0,0.0
120548.48,0.0,0.0,3934269.7,4054818.18,False,CASH_OUT,0,0,0.0
190161.2,100480.0,0.0,647041.22,837202.42,True,CASH_OUT,0,0,0.0
114924.35,0.0,0.0,2537442.33,2652366.69,False,CASH_OUT,0,0,0.0
190743.98,40750.0,0.0,0.0,613879.96,True,CASH_OUT,0,0,0.0
60679.04,0.0,0.0,2948044.66,3008723.7,False,CASH_OUT,0,0,0.0
298552.89,0.0,0.0,2775152.78,3073705.67,False,CASH_OUT,0,0,0.0
416110.86,20961.0,0.0,482493.07,898603.93,True,CASH_OUT,0,0,0.0
378482.81,43165.0,0.0,518628.69,897111.5,True,CASH_OUT,0,0,0.0
546735.71,0.0,0.0,686203.37,1232939.08,False,CASH_OUT,0,0,0.0
308404.19,85997.0,0.0,65400.83,373805.02,True,TRANSFER,0,0,0.01
39172.6,727369.0,688196.4,147412.6,186585.19,False,CASH_OUT,0,0,0.0
1869094.77,0.0,0.0,2129436.63,3998531.4,False,TRANSFER,0,0,0.0
226796.85,0.0,0.0,3702608.2,3929405.05,False,CASH_OUT,0,0,0.0
52857.27,0.0,0.0,350369.36,403226.63,False,CASH_OUT,0,0,0.0
412906.88,10353.0,0.0,20894.07,265092.36,True,TRANSFER,0,0,0.0
592628.81,20617.0,0.0,2896399.23,3489028.04,True,TRANSFER,0,0,0.0
150509.05,49554.0,0.0,538537.7,689046.74,True,CASH_OUT,0,0,0.0
164032.21,227653.0,63620.79,0.0,164032.21,False,CASH_OUT,0,0,0.0
105675.34,0.0,0.0,134035.05,239710.39,False,CASH_OUT,0,0,0.0
71861.27,10615.0,0.0,0.0,71861.27,True,CASH_OUT,0,0,0.0
9175.54,0.0,0.0,2235746.92,2244922.46,False,CASH_OUT,0,0,0.0
258677.34,0.0,0.0,268608.27,527285.61,False,CASH_OUT,0,0,0.0
51589.0,11507.0,0.0,563231.05,614820.05,True,CASH_OUT,0,0,0.05
